Time,Distance,GPS_Speed,GPS_Latitude,GPS_Longitude
0,0,138.535004,-33.39607072,-60.20154692
0.1,0.004,139.035004,-33.39609268,-60.20151445
0.2,0.008,139.535004,-33.39611466,-60.20148178
0.3,0.012,140.035004,-33.39613665,-60.20144893
0.4,0.016,140.535004,-33.39615867,-60.20141584
0.5,0.019,141.035004,-33.39618071,-60.20138258
0.6,0.023,141.535004,-33.39620276,-60.20134916
0.7,0.027,142.062012,-33.39622483,-60.20131559
0.8,0.031,142.634995,-33.39624692,-60.20128187
0.9,0.035,143.112,-33.39626924,-60.20124764
1,0.039,143.512009,-33.39629136,-60.20121362
1.1,0.043,143.912003,-33.3963135,-60.20117947
1.2,0.047,144.283997,-33.39633567,-60.2011452
1.3,0.051,144.612,-33.39635788,-60.20111081
1.4,0.055,145.012009,-33.39638013,-60.20107627
1.5,0.059,145.412003,-33.39640244,-60.20104163
1.6,0.063,145.811996,-33.39642479,-60.20100689
1.7,0.067,146.240005,-33.3964472,-60.20097205
1.8,0.072,146.712006,-33.39646966,-60.20093711
1.9,0.076,147.112,-33.3964922,-60.20090206
2,0.08,147.512009,-33.39651479,-60.20086691
2.1,0.084,147.912003,-33.39653744,-60.20083168
2.2,0.088,148.283997,-33.39656013,-60.20079636
2.3,0.092,148.612,-33.39658287,-60.20076096
2.4,0.096,149.012009,-33.39660568,-60.20072545
2.5,0.1,149.384003,-33.39662853,-60.20068987
2.6,0.105,149.712006,-33.39665143,-60.20065421
2.7,0.109,150.087006,-33.39667461,-60.20061813
2.8,0.113,150.416,-33.3966976,-60.20058234
2.9,0.117,150.787003,-33.39672067,-60.20054646
3,0.121,151.115997,-33.3967438,-60.20051051
3.1,0.126,151.487,-33.39676699,-60.20047449
3.2,0.13,151.787003,-33.39679023,-60.20043841
3.3,0.134,152.087006,-33.39681353,-60.20040226
3.4,0.138,152.387009,-33.3968369,-60.20036602
3.5,0.142,152.687012,-33.39686033,-60.20032973
3.6,0.147,152.987,-33.39688381,-60.20029337
3.7,0.151,153.287003,-33.39690734,-60.20025696
3.8,0.155,153.587006,-33.39693092,-60.2002205
3.9,0.16,153.887009,-33.39695455,-60.20018399
4,0.164,154.187012,-33.39697822,-60.20014744
4.1,0.168,154.458008,-33.39700191,-60.20011087
4.2,0.172,154.628998,-33.39702564,-60.20007426
4.3,0.177,154.757996,-33.39704938,-60.20003763
4.4,0.181,154.930008,-33.39707339,-60.20000058
4.5,0.185,155.059998,-33.39709719,-60.19996386
4.6,0.19,155.259995,-33.39712102,-60.19992708
4.7,0.194,155.490005,-33.39714488,-60.19989026
4.8,0.198,155.759995,-33.39716876,-60.19985336
4.9,0.203,155.990005,-33.39719269,-60.1998164
5,0.207,156.289993,-33.39721665,-60.19977937
5.1,0.211,156.589996,-33.39724065,-60.19974227
5.2,0.216,156.860001,-33.39726468,-60.19970511
5.3,0.22,157.059998,-33.39728871,-60.19966796
5.4,0.224,157.259995,-33.39731284,-60.19963067
5.5,0.229,157.430008,-33.39733697,-60.19959338
5.6,0.233,157.589996,-33.39736114,-60.19955604
5.7,0.238,157.860001,-33.39738537,-60.19951865
5.8,0.242,158.059998,-33.39740965,-60.19948121
5.9,0.246,158.289993,-33.39743399,-60.19944371
6,0.251,158.589996,-33.39745839,-60.19940616
6.1,0.255,158.860001,-33.39748285,-60.19936857
6.2,0.26,159.093002,-33.39750761,-60.19933057
6.3,0.264,159.362,-33.39753217,-60.1992929
6.4,0.268,159.593002,-33.39755682,-60.19925518
6.5,0.273,159.831009,-33.39758152,-60.19921744
6.6,0.277,159.993011,-33.3976063,-60.19917968
6.7,0.282,160.231003,-33.39763114,-60.19914191
6.8,0.286,160.362,-33.39765604,-60.19910412
6.9,0.291,160.593002,-33.39768103,-60.19906632
7,0.295,160.862,-33.39770609,-60.19902852
7.1,0.3,161.061996,-33.39773119,-60.19899071
7.2,0.304,161.231003,-33.39775635,-60.19895288
7.3,0.309,161.362,-33.39778155,-60.19891505
7.4,0.313,161.561996,-33.39780682,-60.19887721
7.5,0.318,161.761993,-33.39783213,-60.19883935
7.6,0.322,161.931,-33.3978575,-60.19880149
7.7,0.327,162.061996,-33.39788293,-60.19876361
7.8,0.331,162.261993,-33.3979084,-60.19872572
7.9,0.336,162.432007,-33.39793419,-60.19868742
8,0.34,162.563995,-33.39795978,-60.19864948
8.1,0.345,162.764008,-33.3979854,-60.19861151
8.2,0.349,162.964005,-33.39801107,-60.19857352
8.3,0.354,163.132004,-33.39803676,-60.19853549
8.4,0.358,163.264008,-33.39806249,-60.19849742
8.5,0.363,163.464005,-33.39808826,-60.19845933
8.6,0.367,163.632004,-33.39811405,-60.1984212
8.7,0.372,163.764008,-33.39813987,-60.19838304
8.8,0.376,163.964005,-33.39816571,-60.19834486
8.9,0.381,164.132004,-33.39819159,-60.19830664
9,0.386,164.264008,-33.3982175,-60.1982684
9.1,0.39,164.432007,-33.39824344,-60.19823013
9.2,0.395,164.531998,-33.39826941,-60.19819183
9.3,0.399,164.664001,-33.3982954,-60.19815352
9.4,0.404,164.832001,-33.39832144,-60.19811518
9.5,0.408,164.932007,-33.39834752,-60.19807683
9.6,0.413,165.031998,-33.39837363,-60.19803847
9.7,0.418,165.166,-33.39840004,-60.19799971
9.8,0.422,165.333008,-33.39842623,-60.19796134
9.9,0.427,165.432999,-33.39845247,-60.19792295
10,0.431,165.565994,-33.39847876,-60.19788457
10.1,0.436,165.733002,-33.39850508,-60.19784618
10.2,0.441,165.833008,-33.39853143,-60.19780779
10.3,0.445,165.932999,-33.39855703,-60.19777055
10.4,0.45,166.033005,-33.39857025,-60.19775134
10.5,0.455,166.132996,-33.39858346,-60.19773214
10.6,0.459,166.216492,-33.39859668,-60.19771293
10.7,0.464,166.266495,-33.39860991,-60.19769372
10.8,0.468,166.333008,-33.39862545,-60.19767116
10.9,0.473,166.499008,-33.39867721,-60.19759604
11,0.478,166.766006,-33.39873101,-60.19751791
11.1,0.482,166.932999,-33.39876982,-60.1974615
11.2,0.487,167.033005,-33.39879639,-60.19742284
11.3,0.492,167.132996,-33.39882296,-60.19738413
11.4,0.496,167.268005,-33.39884979,-60.19734498
11.5,0.501,167.468002,-33.39887634,-60.19730617
11.6,0.506,167.56601,-33.39890287,-60.19726734
11.7,0.51,167.533997,-33.39892935,-60.19722852
11.8,0.515,167.532013,-33.39895578,-60.19718973
11.9,0.52,167.264008,-33.3989821,-60.19715104
12,0.524,166.796005,-33.3990083,-60.19711249
12.1,0.529,166.162003,-33.39903438,-60.19707412
12.2,0.533,165.326004,-33.39906033,-60.19703594
12.3,0.538,164.26001,-33.39908614,-60.196998
12.4,0.542,163.26001,-33.39911177,-60.19696037
12.5,0.547,162.192001,-33.39913724,-60.19692304
12.6,0.551,161.026001,-33.39916256,-60.19688598
12.7,0.556,159.925995,-33.39918773,-60.19684922
12.8,0.56,158.757996,-33.39921275,-60.19681276
12.9,0.565,157.458008,-33.39923754,-60.1967767
13,0.569,156.158005,-33.39926213,-60.19674103
13.1,0.573,154.755997,-33.39928649,-60.19670573
13.2,0.578,153.104996,-33.39931087,-60.19667048
13.3,0.582,151.404999,-33.39933478,-60.19663598
13.4,0.586,149.705002,-33.39935842,-60.19660197
13.5,0.59,147.970001,-33.39938182,-60.19656839
13.6,0.594,146.275009,-33.39940504,-60.19653519
13.7,0.598,144.740005,-33.39942812,-60.19650236
13.8,0.602,143.209991,-33.39945106,-60.1964699
13.9,0.606,141.880005,-33.39947392,-60.19643789
14,0.61,140.714996,-33.39949672,-60.19640632
14.1,0.614,139.544998,-33.39951952,-60.19637518
14.2,0.618,138.349991,-33.39954233,-60.1963445
14.3,0.621,137.315002,-33.39956517,-60.1963143
14.4,0.625,136.180008,-33.39958808,-60.19628476
14.5,0.629,134.945007,-33.39961109,-60.19625583
14.6,0.633,133.714996,-33.3996342,-60.19622748
14.7,0.636,132.615005,-33.39965744,-60.19619971
14.8,0.64,131.550003,-33.39968084,-60.19617251
14.9,0.644,130.540009,-33.39970471,-60.19614577
15,0.647,129.540009,-33.39972853,-60.19611993
15.1,0.651,128.612015,-33.39975263,-60.19609488
15.2,0.654,127.812004,-33.3997769,-60.19607031
15.3,0.658,127.048004,-33.39980122,-60.19604588
15.4,0.662,126.384003,-33.39982605,-60.19602284
15.5,0.665,125.748001,-33.39985087,-60.19599981
15.6,0.668,125.120003,-33.39987596,-60.19597747
15.7,0.672,124.692001,-33.39990135,-60.19595588
15.8,0.675,124.32,-33.39992699,-60.19593492
15.9,0.679,123.891998,-33.39995292,-60.19591469
16,0.682,123.628006,-33.39997914,-60.19589519
16.1,0.686,123.356003,-33.40000563,-60.19587641
16.2,0.689,122.956001,-33.40003237,-60.19585836
16.3,0.693,122.556007,-33.40005936,-60.19584104
16.4,0.696,122.192001,-33.40008663,-60.19582461
16.5,0.699,121.856003,-33.40011416,-60.19580903
16.6,0.703,121.456001,-33.4001419,-60.19579421
16.7,0.706,121.125999,-33.40017015,-60.19578006
16.8,0.709,120.926003,-33.40019832,-60.19576687
16.9,0.713,120.689003,-33.40022673,-60.19575472
17,0.716,120.426003,-33.40025534,-60.19574361
17.1,0.719,120.225998,-33.40028413,-60.19573342
17.2,0.723,120.026001,-33.40031308,-60.19572419
17.3,0.726,119.862999,-33.40034218,-60.19571591
17.4,0.729,119.725998,-33.40037145,-60.19570878
17.5,0.733,119.562996,-33.40040087,-60.19570273
17.6,0.736,119.462997,-33.40043039,-60.19569763
17.7,0.739,119.3815,-33.40046,-60.1956935
17.8,0.743,119.331505,-33.40048967,-60.19569035
17.9,0.746,119.281502,-33.40051938,-60.19568842
18,0.749,119.231499,-33.40054908,-60.19568765
18.1,0.753,119.163002,-33.40057873,-60.19568792
18.2,0.756,119.062996,-33.40060832,-60.19568924
18.3,0.759,118.962997,-33.40063782,-60.19569161
18.4,0.763,118.824005,-33.4006675,-60.19569524
18.5,0.766,118.624001,-33.40069673,-60.19570003
18.6,0.769,118.461998,-33.40072581,-60.19570583
18.7,0.772,118.362,-33.40075472,-60.19571265
18.8,0.776,118.262001,-33.40078345,-60.1957205
18.9,0.779,118.162003,-33.40081191,-60.1957296
19,0.782,118.061996,-33.4008401,-60.1957399
19.1,0.786,118.02533,-33.40086802,-60.19575126
19.2,0.789,118.092003,-33.40089566,-60.19576366
19.3,0.792,118.158669,-33.40092301,-60.19577708
19.4,0.795,118.276001,-33.40095001,-60.19579167
19.5,0.799,118.514,-33.40097666,-60.19580735
19.6,0.802,118.814003,-33.401003,-60.19582392
19.7,0.805,119.113998,-33.40102902,-60.19584137
19.8,0.809,119.414001,-33.40105473,-60.19585968
19.9,0.812,119.713997,-33.40108004,-60.19587901
20,0.815,120.052002,-33.40110497,-60.1958993
20.1,0.819,120.490005,-33.40112959,-60.19592044
20.2,0.822,120.995003,-33.40115413,-60.19594262
20.3,0.825,121.495003,-33.40117811,-60.19596541
20.4,0.829,122.072998,-33.40120173,-60.1959891
20.5,0.832,122.773003,-33.401225,-60.19601365
20.6,0.836,123.473007,-33.40124795,-60.19603889
20.7,0.839,124.173004,-33.40127059,-60.19606478
20.8,0.843,124.873001,-33.40129289,-60.1960913
20.9,0.846,125.495003,-33.40131479,-60.19611852
21,0.85,126.034004,-33.40133628,-60.1961464
21.1,0.853,126.634003,-33.40135742,-60.19617483
21.2,0.857,127.195,-33.40137823,-60.19620378
21.3,0.86,127.734001,-33.40139871,-60.19623324
21.4,0.864,128.334,-33.40141882,-60.19626327
21.5,0.867,128.934006,-33.40143858,-60.19629386
21.6,0.871,129.49501,-33.40145802,-60.19632491
21.7,0.875,130.034012,-33.40147716,-60.19635641
21.8,0.878,130.634003,-33.40149596,-60.19638838
21.9,0.882,131.199997,-33.40151452,-60.19642121
22,0.886,131.660004,-33.40153244,-60.19645427
22.1,0.889,132.100006,-33.40154996,-60.19648779
22.2,0.893,132.600006,-33.40156706,-60.19652176
22.3,0.897,133.060013,-33.40158374,-60.19655617
22.4,0.9,133.5,-33.40159994,-60.19659108
22.5,0.904,133.960007,-33.40161566,-60.19662648
22.6,0.908,134.399994,-33.40163099,-60.19666226
22.7,0.911,134.860001,-33.40164593,-60.19669841
22.8,0.915,135.26001,-33.40166049,-60.19673494
22.9,0.919,135.660004,-33.4016746,-60.19677188
23,0.923,136.060013,-33.40168822,-60.19680924
23.1,0.927,136.460007,-33.40170141,-60.19684693
23.2,0.93,136.860001,-33.40171415,-60.19688497
23.3,0.934,137.220001,-33.40172641,-60.19692332
23.4,0.938,137.520004,-33.40173807,-60.19696203
23.5,0.942,137.779999,-33.40174912,-60.19700107
23.6,0.946,137.980011,-33.4017596,-60.19704037
23.7,0.95,138.141006,-33.40176959,-60.19708032
23.8,0.953,138.240997,-33.40177889,-60.1971201
23.9,0.957,138.320511,-33.40178748,-60.19716013
24,0.961,138.370514,-33.4017953,-60.19720042
24.1,0.965,138.44101,-33.40180245,-60.19724091
24.2,0.969,138.541,-33.40180892,-60.19728161
24.3,0.973,138.682007,-33.40181469,-60.19732253
24.4,0.976,138.882004,-33.40181966,-60.19736368
24.5,0.98,139.082001,-33.40182379,-60.19740507
24.6,0.984,139.281998,-33.40182721,-60.19744665
24.7,0.988,139.52301,-33.40182993,-60.1974884
24.8,0.992,139.822998,-33.40183196,-60.19753026
24.9,0.996,140.082001,-33.40183321,-60.1975722
25,1,140.322998,-33.40183365,-60.19761425
25.1,1.004,140.582001,-33.40183312,-60.19765637
25.2,1.008,140.822998,-33.4018321,-60.19769852
25.3,1.011,141.082001,-33.40183082,-60.19774067
25.4,1.015,141.242004,-33.40182797,-60.19778332
25.5,1.019,141.384003,-33.40182514,-60.19782555
25.6,1.023,141.626007,-33.40182144,-60.1978678
25.7,1.027,141.884003,-33.40181691,-60.19791004
25.8,1.031,142.126007,-33.40181172,-60.19795226
25.9,1.035,142.384003,-33.40180578,-60.19799447
26,1.039,142.626007,-33.40179905,-60.19803663
26.1,1.043,142.884003,-33.40179171,-60.19807868
26.2,1.047,143.126007,-33.40178377,-60.19812064
26.3,1.051,143.384003,-33.40177522,-60.19816248
26.4,1.055,143.584,-33.401766,-60.19820419
26.5,1.059,143.826004,-33.40175607,-60.19824572
26.6,1.063,144.042007,-33.40174557,-60.19828709
26.7,1.067,144.184006,-33.4017345,-60.19832828
26.8,1.071,144.34201,-33.40172286,-60.1983693
26.9,1.075,144.442001,-33.4017106,-60.19841009
27,1.079,144.542007,-33.4016977,-60.19845065
27.1,1.083,144.684006,-33.40168428,-60.19849101
27.2,1.087,144.843002,-33.4016702,-60.19853158
27.3,1.091,144.986008,-33.40165576,-60.19857157
27.4,1.095,145.229004,-33.40164079,-60.19861136
27.5,1.099,145.529007,-33.40162527,-60.19865096
27.6,1.103,145.828995,-33.40160932,-60.19869041
27.7,1.107,146.128998,-33.40159297,-60.19872972
27.8,1.111,146.429001,-33.40157624,-60.19876889
27.9,1.115,146.729004,-33.40155912,-60.19880793
28,1.12,147.029007,-33.40154161,-60.19884683
28.1,1.124,147.328995,-33.40152382,-60.19888563
28.2,1.128,147.628998,-33.40150582,-60.19892422
28.3,1.132,147.929001,-33.40148764,-60.19896259
28.4,1.136,148.229004,-33.40146908,-60.19900115
28.5,1.14,148.529007,-33.40145029,-60.19903966
28.6,1.144,148.871994,-33.40143132,-60.19907814
28.7,1.148,149.272003,-33.40141219,-60.19911661
28.8,1.153,149.628998,-33.40139292,-60.19915508
28.9,1.157,149.975998,-33.4013733,-60.19919396
29,1.161,150.332001,-33.40135374,-60.19923247
29.1,1.165,150.67601,-33.40133407,-60.19927101
29.2,1.169,151.031998,-33.4013143,-60.19930958
29.3,1.174,151.332001,-33.40129445,-60.19934818
29.4,1.178,151.632004,-33.4012745,-60.19938683
29.5,1.182,151.932007,-33.40125446,-60.19942552
29.6,1.186,152.188004,-33.40123435,-60.19946426
29.7,1.19,152.432007,-33.40121417,-60.19950304
29.8,1.195,152.73201,-33.40119392,-60.19954187
29.9,1.199,153.031998,-33.40117359,-60.19958076
30,1.203,153.28801,-33.40115317,-60.19961972
30.1,1.207,153.531998,-33.40113268,-60.19965873
30.2,1.212,153.876007,-33.40111213,-60.1996978
30.3,1.216,154.23201,-33.4010915,-60.19973694
30.4,1.22,154.531998,-33.40107083,-60.19977614
30.5,1.225,154.876007,-33.40105009,-60.19981542
30.6,1.229,155.23201,-33.40102933,-60.19985477
30.7,1.233,155.535004,-33.40100833,-60.19989457
30.8,1.238,155.790009,-33.40098752,-60.19993404
30.9,1.242,156.035004,-33.40096668,-60.19997357
31,1.246,156.290009,-33.40094581,-60.20001318
31.1,1.251,156.490005,-33.4009249,-60.20005286
31.2,1.255,156.735001,-33.40090396,-60.20009259
31.3,1.259,156.990005,-33.40088298,-60.20013238
31.4,1.264,157.235001,-33.40086196,-60.20017225
31.5,1.268,157.535004,-33.40084089,-60.20021218
31.6,1.272,157.790009,-33.40081979,-60.20025216
31.7,1.277,158.035004,-33.40079864,-60.2002922
31.8,1.281,158.290009,-33.40077744,-60.20033228
31.9,1.286,158.490005,-33.4007562,-60.2003724
32,1.29,158.690002,-33.40073489,-60.20041257
32.1,1.294,158.889999,-33.40071353,-60.20045276
32.2,1.299,159.089996,-33.4006921,-60.20049298
32.3,1.303,159.290009,-33.40067062,-60.20053321
32.4,1.308,159.445999,-33.40064886,-60.20057385
32.5,1.312,159.591995,-33.40062725,-60.20061411
32.6,1.317,159.792007,-33.40060559,-60.20065436
32.7,1.321,159.945999,-33.40058388,-60.20069463
32.8,1.326,160.091995,-33.40056213,-60.20073491
32.9,1.33,160.246002,-33.40054034,-60.2007752
33,1.334,160.391998,-33.40051848,-60.20081553
33.1,1.339,160.546005,-33.40049658,-60.20085589
33.2,1.343,160.738007,-33.40047464,-60.20089627
33.3,1.348,160.923004,-33.40045267,-60.20093667
33.4,1.352,160.973007,-33.40043071,-60.20097705
33.5,1.357,160.862,-33.40040879,-60.20101735
33.6,1.361,160.562012,-33.40038695,-60.20105749
33.7,1.366,160.124008,-33.40036525,-60.20109741
33.8,1.37,159.248001,-33.40034372,-60.20113703
33.9,1.375,157.818008,-33.40032242,-60.2011762
34,1.379,155.980011,-33.40030147,-60.20121476
34.1,1.383,153.888,-33.40028083,-60.20125272
34.2,1.387,151.384003,-33.40026032,-60.20129043
34.3,1.391,148.630997,-33.40024036,-60.20132712
34.4,1.396,145.884003,-33.4002208,-60.20136311
34.5,1.4,143.037003,-33.40020169,-60.20139828
34.6,1.403,140.278,-33.40018294,-60.20143283
34.7,1.407,137.725006,-33.40016455,-60.20146676
34.8,1.411,135.178009,-33.4001465,-60.20150008
34.9,1.415,132.531006,-33.40012883,-60.20153271
35,1.418,129.878006,-33.4001116,-60.20156457
35.1,1.422,127.231003,-33.40009486,-60.20159546
35.2,1.425,124.484001,-33.40007834,-60.20162596
35.3,1.429,121.684006,-33.400062,-60.20165611
35.4,1.432,118.884003,-33.40004639,-60.20168485
35.5,1.435,116.084,-33.40003079,-60.20171358
35.6,1.438,113.237,-33.40001566,-60.20174139
35.7,1.441,110.290001,-33.40000094,-60.20176839
35.8,1.444,107.384003,-33.39998657,-60.20179472
35.9,1.447,104.604004,-33.39997242,-60.20182057
36,1.45,101.903999,-33.39995885,-60.20184533
36.1,1.453,99.251999,-33.39994557,-60.20186947
36.2,1.456,96.700005,-33.39993256,-60.20189302
36.3,1.458,94.295998,-33.39991979,-60.20191599
36.4,1.461,92.043999,-33.39990722,-60.20193837
36.5,1.463,89.892006,-33.3998948,-60.2019601
36.6,1.466,88.032005,-33.3998824,-60.20198134
36.7,1.468,86.480003,-33.39986996,-60.20200212
36.8,1.47,85.124001,-33.39985743,-60.20202245
36.9,1.473,84.164001,-33.39984473,-60.20204232
37,1.475,83.560005,-33.39983179,-60.20206163
37.1,1.477,82.82,-33.39981864,-60.20208047
37.2,1.48,82.012001,-33.39980527,-60.20209882
37.3,1.482,81.316002,-33.39979169,-60.20211664
37.4,1.484,80.468002,-33.39977788,-60.20213387
37.5,1.486,79.519997,-33.39976381,-60.20215036
37.6,1.489,78.664001,-33.39974951,-60.20216624
37.7,1.491,77.908005,-33.39973485,-60.20218167
37.8,1.493,77.156998,-33.39972009,-60.20219633
37.9,1.495,76.555,-33.39970506,-60.20221033
38,1.497,76.104004,-33.39968971,-60.20222354
38.1,1.499,75.654999,-33.3996741,-60.20223609
38.2,1.501,75.057007,-33.39965824,-60.20224801
38.3,1.503,74.553001,-33.39964211,-60.20225926
38.4,1.505,74.302002,-33.39962571,-60.20226982
38.5,1.508,74.151001,-33.399609,-60.20227951
38.6,1.51,74.001999,-33.39959209,-60.20228848
38.7,1.512,73.948997,-33.39957498,-60.2022967
38.8,1.514,73.902,-33.39955772,-60.20230415
38.9,1.516,73.653,-33.39954032,-60.20231073
39,1.518,73.254997,-33.39952279,-60.20231619
39.1,1.52,72.853004,-33.39950518,-60.20232072
39.2,1.522,72.405998,-33.3994875,-60.20232427
39.3,1.524,72.001999,-33.39946976,-60.20232682
39.4,1.526,71.925003,-33.39945176,-60.2023283
39.5,1.528,71.974998,-33.39943388,-60.20232838
39.6,1.53,72.100006,-33.39941597,-60.20232737
39.7,1.532,72.450005,-33.39939805,-60.20232527
39.8,1.534,72.950005,-33.39938013,-60.2023221
39.9,1.536,73.450005,-33.39936223,-60.20231782
40,1.538,74.050003,-33.39934436,-60.20231222
40.1,1.54,74.75,-33.39932651,-60.20230564
40.2,1.542,75.550003,-33.39930869,-60.20229811
40.3,1.544,76.449997,-33.39929087,-60.20228965
40.4,1.546,77.350006,-33.39927305,-60.20228024
40.5,1.549,78.300003,-33.39925522,-60.20226966
40.6,1.551,79.350006,-33.3992374,-60.2022582
40.7,1.553,80.5,-33.3992196,-60.20224587
40.8,1.555,81.699997,-33.39920184,-60.20223268
40.9,1.558,82.900002,-33.39918415,-60.20221864
41,1.56,84.150002,-33.39916662,-60.20220357
41.1,1.562,85.300003,-33.39914931,-60.20218775
41.2,1.565,86.412003,-33.3991321,-60.20217102
41.3,1.567,87.408005,-33.39911538,-60.20215373
41.4,1.57,88.055,-33.39909905,-60.2021357
41.5,1.572,88.504005,-33.39908328,-60.20211676
41.6,1.575,89.057007,-33.39906795,-60.20209714
41.7,1.577,89.553001,-33.39905306,-60.20207684
41.8,1.58,90.006004,-33.39903859,-60.20205588
41.9,1.582,90.759003,-33.39902453,-60.20203427
42,1.585,91.608002,-33.39901099,-60.20201184
42.1,1.587,92.357002,-33.39899786,-60.20198882
42.2,1.59,93.108002,-33.39898518,-60.20196521
42.3,1.592,93.857002,-33.39897298,-60.20194101
42.4,1.595,94.506004,-33.39896136,-60.20191622
42.5,1.598,95.106003,-33.39895053,-60.2018907
42.6,1.6,95.706001,-33.39894036,-60.20186463
42.7,1.603,96.306,-33.39893086,-60.20183805
42.8,1.606,96.905998,-33.39892201,-60.20181095
42.9,1.608,97.512001,-33.39891373,-60.20178307
43,1.611,98.112,-33.39890633,-60.20175486
43.1,1.614,98.711998,-33.39889948,-60.20172621
43.2,1.617,99.311996,-33.39889319,-60.20169715
43.3,1.619,99.912003,-33.39888745,-60.20166772
43.4,1.622,100.512001,-33.39888227,-60.20163794
43.5,1.625,101.112,-33.39887789,-60.2016078
43.6,1.628,101.556,-33.39887417,-60.20157744
43.7,1.631,101.804001,-33.39887117,-60.20154689
43.8,1.633,102.003998,-33.39886894,-60.2015162
43.9,1.636,102.152,-33.39886753,-60.20148538
44,1.639,102.278008,-33.39886727,-60.20145442
44.1,1.642,102.428001,-33.39886791,-60.20142338
44.2,1.645,102.552002,-33.39886945,-60.20139225
44.3,1.648,102.807999,-33.39887188,-60.20136105
44.4,1.651,103.260002,-33.39887523,-60.20132978
44.5,1.653,103.811996,-33.39887972,-60.20129846
44.6,1.656,104.364998,-33.39888515,-60.20126681
44.7,1.659,104.864998,-33.3988914,-60.20123551
44.8,1.662,105.417999,-33.39889849,-60.20120431
44.9,1.665,105.965004,-33.3989064,-60.20117323
45,1.668,106.518005,-33.39891544,-60.20114229
45.1,1.671,107.223999,-33.39892566,-60.2011116
45.2,1.674,107.971001,-33.39893628,-60.20108099
45.3,1.677,108.723999,-33.39894741,-60.20105049
45.4,1.68,109.524002,-33.39896009,-60.20102036
45.5,1.683,110.324005,-33.39897278,-60.20099022
45.6,1.686,111.177002,-33.39898659,-60.20096038
45.7,1.689,112.076996,-33.39900124,-60.20093081
45.8,1.693,112.924004,-33.39901657,-60.2009015
45.9,1.696,113.723999,-33.3990326,-60.20087243
46,1.699,114.471001,-33.3990495,-60.20084376
46.1,1.702,115.223999,-33.39906686,-60.20081536
46.2,1.705,115.971001,-33.39908467,-60.2007872
46.3,1.709,116.671005,-33.39910291,-60.20075923
46.4,1.712,117.378006,-33.39912171,-60.20073113
46.5,1.715,118.078003,-33.39914075,-60.20070342
46.6,1.718,118.832001,-33.39916007,-60.20067572
46.7,1.722,119.686005,-33.39917966,-60.20064801
46.8,1.725,120.531998,-33.39919949,-60.20062027
46.9,1.728,121.278,-33.39921955,-60.20059248
47,1.732,122.031998,-33.39923989,-60.2005646
47.1,1.735,122.778,-33.39926042,-60.20053664
47.2,1.739,123.478004,-33.39928113,-60.20050859
47.3,1.742,124.232002,-33.399302,-60.20048044
47.4,1.746,125.031998,-33.399323,-60.20045218
47.5,1.749,125.778,-33.39934416,-60.20042375
47.6,1.753,126.478004,-33.39936543,-60.2003952
47.7,1.756,127.178001,-33.3993868,-60.20036652
47.8,1.76,127.824005,-33.39940826,-60.20033771
47.9,1.763,128.423996,-33.3994298,-60.20030878
48,1.767,129.024002,-33.39945143,-60.20027969
48.1,1.771,129.574997,-33.39947333,-60.20025021
48.2,1.774,129.965012,-33.39949506,-60.20022092
48.3,1.778,130.210007,-33.39951388,-60.20019551
48.4,1.781,130.465012,-33.39952477,-60.20018075
48.5,1.785,130.710007,-33.39953566,-60.200166
48.6,1.789,130.910004,-33.39954657,-60.20015119
48.7,1.792,131.110001,-33.39955748,-60.20013636
48.8,1.796,131.639999,-33.39957735,-60.2001093
48.9,1.8,132.440002,-33.39962148,-60.20004897
49,1.803,133.404999,-33.39966515,-60.19998898
49.1,1.807,134.175003,-33.39969224,-60.19995162
49.2,1.811,134.62001,-33.39971437,-60.19992098
49.3,1.815,135.074997,-33.39973654,-60.1998902
49.4,1.818,135.574997,-33.39975873,-60.19985925
49.5,1.822,136.130005,-33.39978095,-60.19982809
49.6,1.826,136.675003,-33.39980319,-60.19979675
49.7,1.83,137.175003,-33.39982546,-60.19976524
49.8,1.834,137.62001,-33.39984775,-60.19973358
49.9,1.837,138.080002,-33.39987029,-60.19970144
50,1.841,138.580002,-33.39989262,-60.19966946
50.1,1.845,138.912003,-33.39991495,-60.19963741
50.2,1.849,139.167999,-33.39993725,-60.1996053
50.3,1.853,139.244003,-33.39995951,-60.19957319
50.4,1.857,139.144012,-33.39998169,-60.19954109
50.5,1.861,138.932007,-33.40000377,-60.19950904
50.6,1.864,138.632004,-33.40002572,-60.19947706
50.7,1.868,138.164001,-33.40004756,-60.19944512
50.8,1.872,137.67601,-33.40006928,-60.19941322
50.9,1.876,137.332001,-33.40009087,-60.19938132
51,1.88,137.031998,-33.40011229,-60.19934938
51.1,1.884,136.73201,-33.40013355,-60.19931736
51.2,1.887,136.544006,-33.40015466,-60.19928524
51.3,1.891,136.444,-33.40017559,-60.19925301
51.4,1.895,136.28801,-33.40019634,-60.19922065
51.5,1.899,136.087997,-33.40021681,-60.19918811
51.6,1.902,135.886002,-33.4002372,-60.19915509
51.7,1.906,135.742996,-33.40025709,-60.19912226
51.8,1.91,135.529007,-33.40027665,-60.19908927
51.9,1.914,135.171997,-33.40029583,-60.19905614
52,1.917,134.772003,-33.40031446,-60.19902282
52.1,1.921,134.257996,-33.40033258,-60.19898936
52.2,1.925,133.543991,-33.40035021,-60.19895578
52.3,1.929,132.744003,-33.40036734,-60.19892212
52.4,1.932,131.887009,-33.40038397,-60.19888841
52.5,1.936,130.987,-33.40039998,-60.19885471
52.6,1.94,129.859009,-33.40041549,-60.19882114
52.7,1.943,128.559006,-33.40043056,-60.19878774
52.8,1.947,127.087997,-33.40044518,-60.19875458
52.9,1.95,125.374001,-33.40045936,-60.19872174
53,1.954,123.459999,-33.40047298,-60.19868939
53.1,1.957,121.459999,-33.40048614,-60.19865748
53.2,1.96,119.117996,-33.40049887,-60.19862601
53.3,1.963,116.746002,-33.4005112,-60.19859496
53.4,1.967,114.639999,-33.40052324,-60.19856402
53.5,1.97,112.639999,-33.40053471,-60.19853385
53.6,1.973,110.872002,-33.40054585,-60.19850402
53.7,1.976,109.330002,-33.4005567,-60.19847446
53.8,1.979,107.945999,-33.40056729,-60.19844517
53.9,1.982,106.645996,-33.40057763,-60.19841611
54,1.985,105.519997,-33.40058769,-60.19838734
54.1,1.988,104.403999,-33.40059751,-60.1983588
54.2,1.991,103.262001,-33.40060712,-60.19833046
54.3,1.993,102.220001,-33.40061654,-60.1983023
54.4,1.996,101.220001,-33.40062576,-60.19827433
54.5,1.999,100.278,-33.40063473,-60.19824657
54.6,2.002,99.32,-33.40064352,-60.19821896
54.7,2.005,98.610001,-33.40065211,-60.19819153
54.8,2.007,97.82,-33.40066044,-60.19816432
54.9,2.01,96.82,-33.40066849,-60.19813737
55,2.013,95.704002,-33.40067621,-60.19811072
55.1,2.015,94.433006,-33.40068346,-60.19808433
55.2,2.018,93.073997,-33.4006905,-60.19805833
55.3,2.02,91.556,-33.40069724,-60.19803261
55.4,2.023,89.897003,-33.40070333,-60.19800751
55.5,2.025,88.138,-33.40070942,-60.19798242
55.6,2.028,86.337997,-33.40071488,-60.19795792
55.7,2.03,84.479004,-33.40071985,-60.19793389
55.8,2.032,82.579002,-33.40072438,-60.19791029
55.9,2.035,80.679001,-33.40072849,-60.1978871
56,2.037,78.720001,-33.400732,-60.1978645
56.1,2.039,76.837997,-33.40073495,-60.19784236
56.2,2.041,74.979004,-33.40073741,-60.19782063
56.3,2.043,73.256004,-33.40073937,-60.19779926
56.4,2.045,71.774002,-33.4007408,-60.19777823
56.5,2.047,70.374001,-33.40074158,-60.19775754
56.6,2.049,69.151001,-33.40074175,-60.19773711
56.7,2.051,68.346001,-33.40074133,-60.19771691
56.8,2.053,67.627998,-33.40074031,-60.19769694
56.9,2.055,66.879997,-33.40073865,-60.19767701
57,2.056,66.239998,-33.40073621,-60.19765762
57.1,2.058,65.580002,-33.40073305,-60.19763859
57.2,2.06,64.879997,-33.40072922,-60.19761995
57.3,2.062,64.18,-33.4007247,-60.19760174
57.4,2.064,63.420002,-33.4007195,-60.19758399
57.5,2.065,62.68,-33.40071343,-60.19756688
57.6,2.067,62.040001,-33.40070658,-60.19755037
57.7,2.069,61.5,-33.40069903,-60.19753442
57.8,2.07,61.060001,-33.40069078,-60.19751905
57.9,2.072,60.780003,-33.40068185,-60.19750427
58,2.074,60.580002,-33.40067207,-60.19749027
58.1,2.075,60.59,-33.40066158,-60.19747703
58.2,2.077,60.740002,-33.40065043,-60.19746452
58.3,2.079,60.860001,-33.40063863,-60.1974528
58.4,2.081,61.02,-33.4006262,-60.19744193
58.5,2.082,61.280003,-33.40061299,-60.19743216
58.6,2.084,61.583,-33.40059897,-60.19742332
58.7,2.086,62.065998,-33.40058452,-60.19741552
58.8,2.087,62.666,-33.40056953,-60.19740864
58.9,2.089,63.327003,-33.40055404,-60.19740267
59,2.091,64.149002,-33.400538,-60.19739782
59.1,2.093,64.987999,-33.40052157,-60.19739396
59.2,2.095,65.849007,-33.40050482,-60.19739101
59.3,2.096,66.749001,-33.40048779,-60.19738901
59.4,2.098,67.587997,-33.40047053,-60.19738799
59.5,2.1,68.449005,-33.40045302,-60.19738821
59.6,2.102,69.349007,-33.40043534,-60.19738957
59.7,2.104,70.188004,-33.40041752,-60.19739197
59.8,2.106,71.110001,-33.4003996,-60.19739543
59.9,2.108,72.110001,-33.40038157,-60.19739993
60,2.11,73.170998,-33.40036344,-60.19740568
60.1,2.112,74.271004,-33.40034524,-60.19741253
60.2,2.114,75.431999,-33.40032699,-60.19742034
60.3,2.116,76.631996,-33.4003087,-60.19742909
60.4,2.119,77.968002,-33.40029018,-60.19743885
60.5,2.121,79.368004,-33.40027183,-60.19744956
60.6,2.123,80.768005,-33.40025348,-60.19746118
60.7,2.125,82.168007,-33.40023515,-60.19747358
60.8,2.128,83.506004,-33.40021685,-60.19748674
60.9,2.13,84.868004,-33.4001986,-60.19750062
61,2.132,86.206001,-33.40018043,-60.19751535
61.1,2.135,87.444,-33.40016234,-60.19753082
61.2,2.137,88.582001,-33.40014432,-60.19754692
61.3,2.14,89.744003,-33.40012636,-60.19756362
61.4,2.142,90.882004,-33.40010847,-60.1975809
61.5,2.145,92.043999,-33.40009062,-60.19759885
61.6,2.147,93.181999,-33.40007281,-60.19761735
61.7,2.15,94.220001,-33.40005501,-60.19763632
61.8,2.153,95.282005,-33.40003721,-60.19765574
61.9,2.155,96.320007,-33.40001939,-60.19767558
62,2.158,97.382004,-33.40000152,-60.1976959
62.1,2.161,98.43,-33.39998342,-60.19771685
62.2,2.164,99.493004,-33.39996542,-60.19773794
62.3,2.166,100.529999,-33.39994736,-60.19775937
62.4,2.169,101.655998,-33.39992921,-60.19778111
62.5,2.172,102.792999,-33.39991097,-60.19780321
62.6,2.175,103.766998,-33.39989266,-60.19782559
62.7,2.178,104.604004,-33.39987429,-60.19784822
62.8,2.181,105.404007,-33.39985586,-60.19787108
62.9,2.184,106.204002,-33.39983738,-60.19789416
63,2.187,106.877998,-33.39981881,-60.19791752
63.1,2.19,107.667,-33.39980015,-60.19794115
63.2,2.193,108.504005,-33.39978138,-60.19796503
63.3,2.196,109.367004,-33.39976251,-60.19798916
63.4,2.199,110.330002,-33.39974353,-60.19801353
63.5,2.202,111.393005,-33.39972441,-60.19803821
63.6,2.205,112.367004,-33.39970517,-60.19806314
63.7,2.208,113.204002,-33.39968585,-60.1980883
63.8,2.211,114.004005,-33.39966645,-60.19811368
63.9,2.215,114.811996,-33.39964677,-60.19813954
64,2.218,115.612,-33.3996272,-60.19816538
64.1,2.221,116.412003,-33.39960755,-60.19819147
64.2,2.224,117.276001,-33.39958782,-60.19821777
64.3,2.228,118.112,-33.39956801,-60.19824428
64.4,2.231,118.848,-33.39954813,-60.19827101
64.5,2.234,119.612,-33.39952817,-60.19829798
64.6,2.238,120.412003,-33.39950812,-60.19832521
64.7,2.241,121.148003,-33.39948801,-60.19835263
64.8,2.244,121.848,-33.39946784,-60.19838025
64.9,2.248,122.548004,-33.3994476,-60.19840806
65,2.251,123.248001,-33.39942728,-60.1984361
65.1,2.255,123.948006,-33.39940683,-60.19846445
65.2,2.258,124.648003,-33.39938637,-60.19849284
65.3,2.262,125.348,-33.39936584,-60.1985214
65.4,2.265,126.048004,-33.39934518,-60.19855026
65.5,2.269,126.748001,-33.39932452,-60.19857911
65.6,2.272,127.455002,-33.39930353,-60.19860855
65.7,2.276,128.089996,-33.39928266,-60.19863785
65.8,2.279,128.755005,-33.39926171,-60.1986673
65.9,2.283,129.389999,-33.39924069,-60.19869691
66,2.286,129.990005,-33.39921958,-60.19872667
66.1,2.29,130.589996,-33.39919836,-60.19875656
66.2,2.294,131.125,-33.39917705,-60.19878655
66.3,2.297,131.625,-33.39915566,-60.19881666
66.4,2.301,132.190002,-33.39913416,-60.19884686
66.5,2.305,132.790009,-33.39911254,-60.19887717
66.6,2.308,133.324997,-33.39909081,-60.19890758
66.7,2.312,133.695007,-33.39906899,-60.19893807
66.8,2.316,134.059998,-33.39904706,-60.19896862
66.9,2.32,134.524994,-33.39902503,-60.19899924
67,2.323,134.960007,-33.3990029,-60.19902995
67.1,2.327,135.425003,-33.39898065,-60.19906074
67.2,2.331,135.925003,-33.3989583,-60.19909161
67.3,2.335,136.360001,-33.39893587,-60.19912258
67.4,2.339,136.896011,-33.39891313,-60.19915396
67.5,2.342,137.496002,-33.39889051,-60.19918515
67.6,2.346,138.029999,-33.39886782,-60.19921648
67.7,2.35,138.464005,-33.39884506,-60.19924791
67.8,2.354,138.930008,-33.39882222,-60.19927945
67.9,2.358,139.430008,-33.39879932,-60.1993111
68,2.362,139.930008,-33.39877633,-60.19934286
68.1,2.366,140.363998,-33.39875325,-60.19937472
68.2,2.369,140.830002,-33.3987301,-60.19940667
68.3,2.373,141.330002,-33.39870687,-60.1994387
68.4,2.377,141.764008,-33.39868357,-60.19947082
68.5,2.381,142.164001,-33.39866018,-60.19950304
68.6,2.385,142.630005,-33.39863672,-60.19953536
68.7,2.389,142.998001,-33.3986132,-60.19956776
68.8,2.393,143.363998,-33.39858961,-60.19960025
68.9,2.397,143.830002,-33.39856596,-60.19963282
69,2.401,144.264008,-33.39854223,-60.19966548
69.1,2.405,144.667999,-33.3985182,-60.19969857
69.2,2.409,145.067993,-33.39849434,-60.19973142
69.3,2.413,145.401001,-33.39847042,-60.19976436
69.4,2.417,145.768005,-33.39844644,-60.1997974
69.5,2.421,146.167999,-33.3984224,-60.19983054
69.6,2.426,146.63501,-33.3983983,-60.1998638
69.7,2.43,147.067993,-33.39837415,-60.19989716
69.8,2.434,147.468002,-33.39834995,-60.19993062
69.9,2.438,147.867996,-33.3983257,-60.19996417
70,2.442,148.201004,-33.39830139,-60.19999783
70.1,2.446,148.567993,-33.39827704,-60.2000316
70.2,2.45,148.968002,-33.39825265,-60.20006546
70.3,2.454,149.30101,-33.39822823,-60.20009942
70.4,2.458,149.667999,-33.39820377,-60.20013346
70.5,2.463,150.001007,-33.39817927,-60.20016761
70.6,2.467,150.30101,-33.39815472,-60.20020186
70.7,2.471,150.600998,-33.39813014,-60.2002362
70.8,2.475,150.901001,-33.3981055,-60.20027062
70.9,2.479,151.272003,-33.39808058,-60.20030548
71,2.484,151.604004,-33.39805584,-60.20034008
71.1,2.488,151.903992,-33.39803106,-60.20037476
71.2,2.492,152.408005,-33.39800626,-60.20040948
71.3,2.496,152.667999,-33.39798147,-60.20044421
71.4,2.501,152.632004,-33.39795672,-60.20047892
71.5,2.505,152.464005,-33.39793204,-60.20051357
71.6,2.509,152.060013,-33.3979075,-60.20054808
71.7,2.513,151.356003,-33.39788309,-60.20058244
71.8,2.517,150.488007,-33.39785883,-60.20061662
71.9,2.522,149.520004,-33.39783474,-60.20065059
72,2.526,148.384003,-33.39781086,-60.20068429
72.1,2.53,147.184006,-33.39778722,-60.20071766
72.2,2.534,146.052002,-33.3977638,-60.20075071
72.3,2.538,144.679993,-33.39774062,-60.20078342
72.4,2.542,143.112,-33.39771772,-60.20081576
72.5,2.546,141.376007,-33.39769515,-60.20084765
72.6,2.55,139.557999,-33.39767274,-60.20087935
72.7,2.554,137.481995,-33.39765088,-60.20091033
72.8,2.557,135.489014,-33.39762934,-60.20094092
72.9,2.561,133.589005,-33.39760812,-60.20097113
73,2.565,131.689011,-33.39758723,-60.20100097
73.1,2.568,130.065002,-33.39756667,-60.20103048
73.2,2.572,128.634003,-33.39754636,-60.20105977
73.3,2.575,127.303001,-33.39752631,-60.20108888
73.4,2.579,126.140999,-33.39750652,-60.20111782
73.5,2.582,125.179001,-33.39748713,-60.20114646
73.6,2.586,124.209999,-33.39746791,-60.20117524
73.7,2.589,123.417007,-33.39744895,-60.20120403
73.8,2.593,122.648003,-33.39743029,-60.20123281
73.9,2.596,121.848,-33.39741196,-60.2012616
74,2.599,121.048004,-33.39739401,-60.20129041
74.1,2.603,120.179001,-33.39737654,-60.20131924
74.2,2.606,119.278999,-33.39735948,-60.2013481
74.3,2.609,118.378998,-33.39734283,-60.20137699
74.4,2.613,117.400002,-33.39732647,-60.20140621
74.5,2.616,116.470001,-33.39731079,-60.20143519
74.6,2.619,115.570007,-33.39729565,-60.20146422
74.7,2.622,114.809998,-33.39728104,-60.20149333
74.8,2.625,113.970001,-33.39726701,-60.20152253
74.9,2.629,113.070007,-33.39725359,-60.20155182
75,2.632,112.239998,-33.39724081,-60.20158121
75.1,2.635,111.369995,-33.39722923,-60.2016108
75.2,2.638,110.540001,-33.39721777,-60.20164041
75.3,2.641,109.739998,-33.39720704,-60.20167015
75.4,2.644,108.940002,-33.39719737,-60.20170007
75.5,2.647,108.209999,-33.3971877,-60.20172998
75.6,2.65,107.580002,-33.39717929,-60.20176012
75.7,2.653,106.980003,-33.39717168,-60.2017904
75.8,2.656,106.450005,-33.39716485,-60.20182082
75.9,2.659,106.020004,-33.39715878,-60.20185136
76,2.662,105.690002,-33.39715363,-60.20188207
76.1,2.665,105.316002,-33.39714964,-60.20191318
76.2,2.668,104.987,-33.39714663,-60.20194405
76.3,2.67,104.758003,-33.39714455,-60.20197496
76.4,2.673,104.557999,-33.39714339,-60.20200587
76.5,2.676,104.429001,-33.39714321,-60.20203675
76.6,2.679,104.186996,-33.39714408,-60.20206752
76.7,2.682,103.887001,-33.39714578,-60.20209814
76.8,2.685,103.586998,-33.39714829,-60.20212858
76.9,2.688,103.215996,-33.39715162,-60.2021588
77,2.691,102.744995,-33.39715584,-60.20218875
77.1,2.694,102.316002,-33.39716106,-60.20221834
77.2,2.696,101.845001,-33.39716709,-60.20224762
77.3,2.699,101.487,-33.39717395,-60.20227658
77.4,2.702,101.258003,-33.39718164,-60.20230518
77.5,2.705,101.128998,-33.39719029,-60.20233339
77.6,2.708,101.028999,-33.39720004,-60.20236107
77.7,2.71,101.017754,-33.39721069,-60.2023883
77.8,2.713,101.042755,-33.39722227,-60.20241504
77.9,2.716,101.068001,-33.39723491,-60.20244154
78,2.719,101.092995,-33.3972484,-60.20246722
78.1,2.722,101.244003,-33.39726295,-60.20249226
78.2,2.724,101.588005,-33.39727829,-60.20251681
78.3,2.727,101.987999,-33.39729439,-60.20254088
78.4,2.73,102.459999,-33.39731119,-60.20256448
78.5,2.733,102.959999,-33.39732874,-60.20258758
78.6,2.736,103.532005,-33.39734709,-60.20261009
78.7,2.739,104.204002,-33.39736609,-60.20263213
78.8,2.742,104.903999,-33.39738572,-60.20265369
78.9,2.745,105.604004,-33.39740598,-60.20267477
79,2.748,106.304001,-33.39742691,-60.2026953
79.1,2.751,107.076004,-33.39744854,-60.20271525
79.2,2.754,107.875999,-33.39747069,-60.20273474
79.3,2.757,108.676003,-33.39749332,-60.20275383
79.4,2.76,109.476006,-33.39751637,-60.20277254
79.5,2.763,110.204002,-33.39753984,-60.2027909
79.6,2.766,110.984001,-33.39756393,-60.20280915
79.7,2.769,111.784004,-33.39758805,-60.20282706
79.8,2.772,112.584,-33.3976124,-60.20284488
79.9,2.775,113.384003,-33.39763695,-60.20286267
80,2.778,114.183998,-33.3976617,-60.20288049
80.1,2.782,114.984001,-33.39768663,-60.20289846
80.2,2.785,115.784004,-33.39771167,-60.2029166
80.3,2.788,116.584,-33.39773681,-60.20293494
80.4,2.791,117.311005,-33.39776201,-60.20295352
80.5,2.795,118.011002,-33.39778724,-60.2029724
80.6,2.798,118.638,-33.39781245,-60.20299169
80.7,2.801,119.237999,-33.39783757,-60.20301132
80.8,2.804,119.692001,-33.39786257,-60.20303134
80.9,2.808,120.092003,-33.39788739,-60.20305176
81,2.811,120.418999,-33.39791198,-60.20307263
81.1,2.814,120.646004,-33.3979362,-60.20309403
81.2,2.818,120.626999,-33.3979601,-60.20311587
81.3,2.821,120.527,-33.39798364,-60.20313815
81.4,2.825,120.352005,-33.39800702,-60.20316111
81.5,2.828,120.152,-33.39802975,-60.20318434
81.6,2.831,120.026001,-33.39805191,-60.20320818
81.7,2.835,119.852005,-33.39807363,-60.20323254
81.8,2.838,119.726006,-33.39809491,-60.20325744
81.9,2.841,119.737,-33.39811572,-60.2032829
82,2.845,119.787003,-33.39813606,-60.20330896
82.1,2.848,119.874001,-33.39815582,-60.20333575
82.2,2.851,120.122002,-33.39817511,-60.2033631
82.3,2.855,120.274002,-33.39819392,-60.20339098
82.4,2.858,120.337006,-33.39821223,-60.20341937
82.5,2.861,120.387001,-33.39822998,-60.20344828
82.6,2.865,120.326004,-33.398247,-60.20347776
82.7,2.868,120.078003,-33.39826342,-60.20350766
82.8,2.871,119.926003,-33.3982792,-60.20353796
82.9,2.875,119.678001,-33.39829431,-60.20356866
83,2.878,119.452003,-33.3983087,-60.20359976
83.1,2.881,119.175003,-33.3983223,-60.20363164
83.2,2.885,119.025002,-33.39833502,-60.20366356
83.3,2.888,118.775002,-33.39834696,-60.20369581
83.4,2.891,118.475006,-33.39835812,-60.20372837
83.5,2.894,118.175003,-33.39836842,-60.20376126
83.6,2.898,117.800003,-33.39837764,-60.20379448
83.7,2.901,117.325005,-33.398386,-60.20382796
83.8,2.904,116.900002,-33.39839347,-60.20386168
83.9,2.907,116.574997,-33.39840003,-60.20389561
84,2.911,116.199997,-33.39840564,-60.20392977
84.1,2.914,115.875,-33.39841007,-60.20396414
84.2,2.917,115.724998,-33.3984136,-60.20399866
84.3,2.92,115.625,-33.39841622,-60.20403329
84.4,2.924,115.449997,-33.39841793,-60.20406799
84.5,2.927,115.25,-33.39841871,-60.20410271
84.6,2.93,114.975006,-33.39841832,-60.20413744
84.7,2.933,114.450005,-33.398417,-60.20417204
84.8,2.936,114,-33.39841474,-60.20420645
84.9,2.939,113.596001,-33.39841151,-60.20424099
85,2.943,113.195999,-33.39840733,-60.20427499
85.1,2.946,112.796005,-33.39840139,-60.20430843
85.2,2.949,112.472,-33.39839539,-60.20434184
85.3,2.952,112.248001,-33.39838828,-60.20437487
85.4,2.955,112.048004,-33.3983799,-60.20440746
85.5,2.958,111.848,-33.39837153,-60.20444005
85.6,2.961,111.571999,-33.39836147,-60.20447196
85.7,2.964,111.424004,-33.39835054,-60.20450344
85.8,2.967,111.324005,-33.39833877,-60.20453452
85.9,2.971,111.148003,-33.39832613,-60.20456519
86,2.974,110.872002,-33.39831261,-60.20459539
86.1,2.977,111.028,-33.39829793,-60.20462504
86.2,2.98,111.403999,-33.39828237,-60.20465428
86.3,2.983,111.956001,-33.39826597,-60.20468311
86.4,2.986,112.632004,-33.39824876,-60.20471153
86.5,2.989,113.560005,-33.39823077,-60.20473953
86.6,2.992,114.339005,-33.39821174,-60.20476725
86.7,2.996,115.116005,-33.3981923,-60.20479427
86.8,2.999,115.839005,-33.39817231,-60.20482087
86.9,3.002,116.616005,-33.39815178,-60.20484707
87,3.005,117.416,-33.39813074,-60.20487286
87.1,3.009,118.216003,-33.39810909,-60.20489818
87.2,3.012,119.093002,-33.398087,-60.20492314
87.3,3.015,119.839005,-33.3980645,-60.20494776
87.4,3.019,120.461998,-33.39804158,-60.20497203
87.5,3.022,121.062004,-33.39801827,-60.20499596
87.6,3.025,121.738998,-33.39799448,-60.20501947
87.7,3.029,122.285004,-33.39797033,-60.20504267
87.8,3.032,122.862,-33.39794582,-60.20506557
87.9,3.036,123.461998,-33.39792096,-60.2050882
88,3.039,123.985001,-33.39789574,-60.20511054
88.1,3.042,124.562004,-33.39787009,-60.20513252
88.2,3.046,125.316002,-33.3978441,-60.20515419
88.3,3.049,125.961998,-33.39781778,-60.20517553
88.4,3.053,126.489998,-33.39779086,-60.20519671
88.5,3.057,126.989998,-33.39776388,-60.20521728
88.6,3.06,127.334,-33.39773646,-60.20523725
88.7,3.064,127.556,-33.39770872,-60.20525673
88.8,3.067,127.834,-33.39768063,-60.2052757
88.9,3.071,128.134003,-33.39765221,-60.20529414
89,3.074,128.356003,-33.39762344,-60.20531203
89.1,3.078,128.712006,-33.39759419,-60.20532919
89.2,3.081,129.190002,-33.39756459,-60.20534577
89.3,3.085,129.690002,-33.39753462,-60.20536175
89.4,3.089,130.268005,-33.39750429,-60.20537711
89.5,3.092,130.946014,-33.3974736,-60.20539182
89.6,3.096,131.490005,-33.39744249,-60.20540561
89.7,3.1,132.067993,-33.39741107,-60.2054187
89.8,3.103,132.512009,-33.39737936,-60.20543107
89.9,3.107,132.912003,-33.39734739,-60.2054427
90,3.111,133.234009,-33.39731515,-60.20545359
90.1,3.114,133.615997,-33.39728227,-60.20546364
90.2,3.118,134.016006,-33.39724948,-60.20547286
90.3,3.122,134.49501,-33.39721645,-60.20548137
90.4,3.126,134.916,-33.3971832,-60.20548914
90.5,3.129,135.395004,-33.39714974,-60.20549618
90.6,3.133,135.81601,-33.39711601,-60.20550218
90.7,3.137,136.295013,-33.39708211,-60.20550736
90.8,3.141,136.636993,-33.39704805,-60.20551169
90.9,3.145,136.936996,-33.39701386,-60.20551516
91,3.148,137.158005,-33.39697955,-60.20551775
91.1,3.152,137.358002,-33.39694512,-60.20551918
91.2,3.156,137.558014,-33.39691061,-60.20551974
91.3,3.16,137.837006,-33.39687603,-60.20551945
91.4,3.164,138.058014,-33.39684141,-60.20551834
91.5,3.168,138.337006,-33.39680675,-60.20551642
91.6,3.171,138.636993,-33.39677204,-60.2055135
91.7,3.175,138.936996,-33.39673732,-60.20550985
91.8,3.179,139.31601,-33.39670258,-60.2055055
91.9,3.183,139.720001,-33.39666749,-60.20550043
92,3.187,140.119995,-33.39663275,-60.20549473
92.1,3.191,140.440002,-33.39659804,-60.20548815
92.2,3.195,140.820007,-33.39656335,-60.20548089
92.3,3.199,141.139999,-33.39652871,-60.20547294
92.4,3.203,141.440002,-33.39649412,-60.20546428
92.5,3.207,141.660004,-33.39645959,-60.20545489
92.6,3.21,141.860001,-33.39642515,-60.20544455
92.7,3.214,142.060013,-33.39639079,-60.20543349
92.8,3.218,142.26001,-33.39635651,-60.20542175
92.9,3.222,142.540009,-33.39632232,-60.20540933
93,3.226,142.840012,-33.39628824,-60.20539627
93.1,3.23,143.139999,-33.39625432,-60.20538241
93.2,3.234,143.440002,-33.39622054,-60.20536796
93.3,3.238,143.660004,-33.39618691,-60.20535294
93.4,3.242,143.860001,-33.39615343,-60.20533737
93.5,3.246,143.979996,-33.39612009,-60.20532126
93.6,3.25,144.242996,-33.39608659,-60.2053043
93.7,3.254,144.381012,-33.39605354,-60.20528698
93.8,3.258,144.562012,-33.3960206,-60.20526918
93.9,3.262,144.762009,-33.39598775,-60.20525091
94,3.266,144.962006,-33.39595499,-60.20523218
94.1,3.27,145.162003,-33.39592233,-60.20521291
94.2,3.274,145.442993,-33.39588975,-60.20519322
94.3,3.278,145.742996,-33.39585723,-60.20517317
94.4,3.283,145.962006,-33.39582478,-60.20515279
94.5,3.287,146.162003,-33.3957924,-60.20513208
94.6,3.291,146.524002,-33.3957601,-60.20511099
94.7,3.295,146.923996,-33.39572789,-60.20508961
94.8,3.299,147.242996,-33.39569577,-60.20506794
94.9,3.303,147.462006,-33.39566375,-60.20504596
95,3.307,147.742996,-33.39563183,-60.20502369
95.1,3.311,147.962006,-33.39560013,-60.20500079
95.2,3.315,148.162003,-33.39556842,-60.20497789
95.3,3.319,148.362,-33.39553687,-60.20495455
95.4,3.324,148.564011,-33.39550515,-60.20493056
95.5,3.328,148.764008,-33.39547374,-60.20490679
95.6,3.332,149.046005,-33.39544256,-60.20488239
95.7,3.336,149.264008,-33.39541148,-60.20485767
95.8,3.34,149.464005,-33.3953805,-60.20483264
95.9,3.344,149.746002,-33.39534962,-60.2048073
96,3.348,150.127991,-33.39531883,-60.20478165
96.1,3.353,150.364014,-33.39528809,-60.20475572
96.2,3.357,150.645996,-33.39525739,-60.20472954
96.3,3.361,150.945999,-33.39522673,-60.20470313
96.4,3.365,151.164001,-33.39519611,-60.20467652
96.5,3.369,151.445999,-33.39516554,-60.20464972
96.6,3.374,151.582001,-33.39513505,-60.2046227
96.7,3.378,151.764008,-33.39510465,-60.20459555
96.8,3.382,151.718002,-33.39507437,-60.20456831
96.9,3.386,151.45401,-33.39504425,-60.20454103
97,3.39,150.990005,-33.3950143,-60.20451375
97.1,3.395,150.236008,-33.39498437,-60.20448628
97.2,3.399,149.186996,-33.39495503,-60.20445922
97.3,3.403,148.003998,-33.394926,-60.20443231
97.4,3.407,146.638,-33.39489732,-60.2044056
97.5,3.411,145.155014,-33.39486899,-60.2043791
97.6,3.415,143.488998,-33.39484117,-60.20435293
97.7,3.419,141.623001,-33.39481377,-60.20432706
97.8,3.423,139.723007,-33.39478681,-60.2043015
97.9,3.427,137.656998,-33.39476027,-60.20427627
98,3.43,135.391006,-33.39473418,-60.20425137
98.1,3.434,133.173996,-33.39470868,-60.20422693
98.2,3.438,130.725006,-33.39468366,-60.20420287
98.3,3.441,128.307999,-33.3946591,-60.20417918
98.4,3.445,125.990997,-33.39463501,-60.20415584
98.5,3.448,123.691002,-33.39461139,-60.20413286
98.6,3.452,121.390999,-33.39458837,-60.20411035
98.7,3.455,119.091003,-33.39456583,-60.2040882
98.8,3.458,116.791,-33.39454375,-60.20406642
98.9,3.461,114.468002,-33.3945219,-60.20404478
99,3.464,112.084007,-33.3945007,-60.20402371
99.1,3.468,109.851997,-33.39448002,-60.20400308
99.2,3.471,107.736,-33.39445974,-60.20398279
99.3,3.473,105.720001,-33.39443981,-60.20396282
99.4,3.476,103.804001,-33.39442021,-60.20394313
99.5,3.479,101.988007,-33.39440095,-60.2039237
99.6,3.482,100.272003,-33.39438214,-60.20390456
99.7,3.485,98.908005,-33.39436373,-60.2038856
99.8,3.487,97.356003,-33.39434573,-60.20386677
99.9,3.49,95.672005,-33.39432818,-60.20384804
100,3.493,93.972008,-33.39431109,-60.20382939
100.1,3.495,92.356003,-33.39429464,-60.20381077
100.2,3.498,90.672005,-33.39427876,-60.20379215
100.3,3.5,89.056,-33.39426344,-60.20377351
100.4,3.503,87.540001,-33.3942487,-60.20375482
100.5,3.505,86.040001,-33.39423459,-60.20373608
100.6,3.507,84.440002,-33.39422122,-60.20371702
100.7,3.51,82.925003,-33.39420878,-60.20369803
100.8,3.512,81.339996,-33.39419713,-60.20367891
100.9,3.514,79.824997,-33.39418627,-60.20365963
101,3.516,78.239998,-33.39417621,-60.20364021
101.1,3.519,76.980003,-33.3941671,-60.20362057
101.2,3.521,75.865005,-33.39415879,-60.20360075
101.3,3.523,74.764999,-33.3941512,-60.20358076
101.4,3.525,73.835007,-33.3941443,-60.20356061
101.5,3.527,73.020004,-33.39413811,-60.20354029
101.6,3.529,72.305008,-33.39413285,-60.20351977
101.7,3.531,71.775002,-33.39412841,-60.2034991
101.8,3.533,71.275002,-33.39412475,-60.20347831
101.9,3.535,70.860001,-33.39412189,-60.20345742
102,3.537,70.629997,-33.39411983,-60.20343646
102.1,3.539,70.345001,-33.3941188,-60.20341546
102.2,3.541,70.2575,-33.39411865,-60.20339446
102.3,3.543,70.207504,-33.39411933,-60.20337351
102.4,3.545,70.228668,-33.39412087,-60.20335241
102.5,3.546,70.262001,-33.39412324,-60.2033316
102.6,3.548,70.295334,-33.39412668,-60.20331091
102.7,3.55,70.472,-33.39413105,-60.20329036
102.8,3.552,70.758003,-33.39413628,-60.20326997
102.9,3.554,71.144005,-33.39414235,-60.20324975
103,3.556,71.630005,-33.39414926,-60.20322973
103.1,3.558,72.043999,-33.39415718,-60.20321004
103.2,3.56,72.616005,-33.394166,-60.20319068
103.3,3.562,73.130005,-33.39417563,-60.20317169
103.4,3.564,73.716003,-33.39418608,-60.2031531
103.5,3.566,74.316002,-33.39419735,-60.20313495
103.6,3.569,74.916,-33.39420963,-60.20311741
103.7,3.571,75.515999,-33.39422279,-60.20310044
103.8,3.573,76.288002,-33.39423675,-60.20308402
103.9,3.575,77.174004,-33.3942515,-60.20306816
104,3.577,78.246002,-33.39426701,-60.20305287
104.1,3.579,79.270004,-33.39428356,-60.20303814
104.2,3.582,80.357002,-33.39430073,-60.20302423
104.3,3.584,81.457001,-33.39431855,-60.20301092
104.4,3.586,82.731003,-33.39433701,-60.20299822
104.5,3.588,83.944,-33.39435609,-60.20298614
104.6,3.591,85.231003,-33.39437592,-60.20297486
104.7,3.593,86.444,-33.39439633,-60.20296427
104.8,3.596,87.731003,-33.39441719,-60.2029542
104.9,3.598,89.031006,-33.3944385,-60.20294463
105,3.601,90.244003,-33.39446031,-60.20293563
105.1,3.603,91.531006,-33.3944828,-60.20292732
105.2,3.606,92.744003,-33.3945053,-60.202919
105.3,3.608,93.944,-33.39452833,-60.20291118
105.4,3.611,94.970001,-33.39455176,-60.20290372
105.5,3.614,96.057007,-33.39457525,-60.20289631
105.6,3.616,97.157005,-33.39459931,-60.20288935
105.7,3.619,98.083008,-33.39462362,-60.20288242
105.8,3.622,99.070007,-33.39464817,-60.20287557
105.9,3.625,99.903999,-33.39467318,-60.20286866
106,3.627,100.704002,-33.39469811,-60.20286171
106.1,3.63,101.503998,-33.39472311,-60.20285432
106.2,3.633,102.216003,-33.39474821,-60.2028466
106.3,3.636,102.916,-33.39477337,-60.20283854
106.4,3.639,103.616005,-33.3947986,-60.2028301
106.5,3.642,104.228004,-33.39482389,-60.20282127
106.6,3.645,104.916,-33.39484924,-60.20281191
106.7,3.648,105.616005,-33.39487465,-60.20280199
106.8,3.651,106.403999,-33.39490009,-60.20279153
106.9,3.653,107.292,-33.39492555,-60.20278049
107,3.657,108.192001,-33.39495104,-60.20276886
107.1,3.66,109.003998,-33.39497652,-60.20275645
107.2,3.663,109.891998,-33.39500198,-60.20274331
107.3,3.666,110.704002,-33.39502742,-60.20272951
107.4,3.669,111.416,-33.39505282,-60.20271503
107.5,3.672,112.116005,-33.39507818,-60.20269989
107.6,3.675,112.912003,-33.39510372,-60.20268376
107.7,3.678,113.712006,-33.39512891,-60.20266702
107.8,3.681,114.512001,-33.395154,-60.2026496
107.9,3.685,115.312004,-33.39517895,-60.2026315
108,3.688,116.201004,-33.39520376,-60.20261273
108.1,3.691,116.923004,-33.39522833,-60.20259314
108.2,3.694,117.712006,-33.39525265,-60.20257279
108.3,3.698,118.245003,-33.39526954,-60.20255818
108.4,3.701,118.567001,-33.3952815,-60.20254749
108.5,3.704,118.956001,-33.39529346,-60.20253676
108.6,3.708,119.267006,-33.39530525,-60.20252563
108.7,3.711,119.567001,-33.39531704,-60.2025145
108.8,3.714,120.489998,-33.39534987,-60.20248209
108.9,3.718,121.667999,-33.39539557,-60.20243364
109,3.721,122.690002,-33.39543781,-60.2023862
109.1,3.724,123.423004,-33.39545995,-60.2023603
109.2,3.728,123.945,-33.39548195,-60.20233398
109.3,3.731,124.533997,-33.39550389,-60.20230734
109.4,3.735,125.140007,-33.395526,-60.20228012
109.5,3.738,125.740005,-33.39554788,-60.20225291
109.6,3.742,126.25,-33.39556978,-60.20222543
109.7,3.745,126.75,-33.3955917,-60.2021977
109.8,3.749,127.340004,-33.39561366,-60.20216979
109.9,3.752,127.849998,-33.39563566,-60.20214171
110,3.756,128.350006,-33.3956577,-60.20211345
110.1,3.76,128.940002,-33.39567977,-60.20208501
110.2,3.763,129.540009,-33.39570188,-60.20205639
110.3,3.767,130.050003,-33.39572402,-60.20202764
110.4,3.77,130.460007,-33.39574618,-60.20199875
110.5,3.774,130.949997,-33.39576838,-60.20196973
110.6,3.778,131.449997,-33.39579062,-60.20194056
110.7,3.781,131.860016,-33.39581289,-60.20191125
110.8,3.785,132.350006,-33.3958352,-60.20188182
110.9,3.789,132.76001,-33.39585753,-60.20185226
111,3.792,133.160004,-33.3958799,-60.20182255
111.1,3.796,133.654999,-33.39590252,-60.20179237
111.2,3.8,134.246002,-33.39592494,-60.20176229
111.3,3.804,134.846008,-33.39594738,-60.20173204
111.4,3.807,135.445999,-33.39596982,-60.20170161
111.5,3.811,135.955002,-33.39599227,-60.20167099
111.6,3.815,136.546005,-33.39601473,-60.20164016
111.7,3.819,137.055008,-33.39603721,-60.20160913
111.8,3.823,137.555008,-33.3960597,-60.20157791
111.9,3.826,138.055008,-33.39608219,-60.20154653
111.936,3.828,138.208008,-33.3960903,-60.20153518
